rND	rKL	rRD	equal_ex	centrality	type
0.2013918177280099	0.04878584063736582	0.29723031579444953	1.132182793722229	PageRank	random
0.02652398270194226	0.0012134499956414882	0.04426129495126677	1.0092320891161046	PageRank	matched
0.19177477832541243	0.04540013904129042	0.28462411455365266	1.0945721089616651	PageRank05	random
0.025900783942735362	0.0012334620057298502	0.04254866204815491	1.0081829283534043	PageRank05	matched
0.17877917004895869	0.039519580607868275	0.26883460519552743	1.1670219387653866	InDegreeStrength	random
0.022938894964505626	0.001094217775950952	0.03690640519770122	1.0281762603487263	InDegreeStrength	matched
0.17699734748365126	0.04005371055815855	0.2641441014278544	0.9979891737605984	Rank	random
0.13138634082141237	0.023005963133509062	0.20486059521719513	0.9985515488352221	Rank	matched
